{
  "id": "1747315",
  "name": "健康码",
  "font_family": "iconfont",
  "css_prefix_text": "icon-",
  "description": "",
  "glyphs": [
    {
      "icon_id": "1380019",
      "name": "隐藏",
      "font_class": "icon-test",
      "unicode": "e61e",
      "unicode_decimal": 58910
    },
    {
      "icon_id": "9974419",
      "name": "密码显示",
      "font_class": "mimaxianshi",
      "unicode": "e704",
      "unicode_decimal": 59140
    },
    {
      "icon_id": "908504",
      "name": "返回",
      "font_class": "fanhui",
      "unicode": "e679",
      "unicode_decimal": 59001
    },
    {
      "icon_id": "5152778",
      "name": "电话",
      "font_class": "dianhua",
      "unicode": "e601",
      "unicode_decimal": 58881
    },
    {
      "icon_id": "11776584",
      "name": "选择",
      "font_class": "xuanze",
      "unicode": "e613",
      "unicode_decimal": 58899
    }
  ]
}
